[{"model": "sessions.session", "pk": "1a5dyqzhl36monygu1kxj4dxb10jraaq", "fields": {"session_data": ".eJxVjMsOwiAQRf-FtSEwUB4u3fsNZBimUjU0Ke3K-O_apAvd3nPOfYmE21rT1nlJUxFnoY04_Y4Z6cFtJ-WO7TZLmtu6TFnuijxol9e58PNyuH8HFXv91sDZgjWj09qXwfsQyBFCJEUQy0hBozOg2BvtKSJHqxREb2webIi2iPcH76w3IA:1uTGzL:0zZ3KdKFVSo4JIXJ-Uw_IWEQv4TDUJ-9eDNQHwRtO-8", "expire_date": "2025-07-06T09:27:47.673Z"}}, {"model": "sessions.session", "pk": "2igscyhqynrk58838h8877c3qeykxpyx", "fields": {"session_data": ".eJxVjMEOwiAQRP-FsyGUbYnr0bvfQHZZkKqBpLQn479Lkx70NnnzZt7K07Zmv7W4-FnURQ3q9MuYwjOWvZAHlXvVoZZ1mVnvij7apm9V4ut6uH8HmVru64iEhhEkGeMEExPaHs6c3NSZUJwmsME6sCAIIyTiAceYDI9gHKrPF_cVOAA:1uJ5WK:Gp2aksswBQmpqpwXMkWlFLKf-_HmTWfJg7YNZpwHlXQ", "expire_date": "2025-06-08T07:11:44.041Z"}}, {"model": "sessions.session", "pk": "41rnj8yaimyb1v20mq87snsjufyf8tet", "fields": {"session_data": ".eJxVjMEOwiAQRP-FsyGUbYnr0bvfQHZZkKqBpLQn479Lkx70NnnzZt7K07Zmv7W4-FnURQ3q9MuYwjOWvZAHlXvVoZZ1mVnvij7apm9V4ut6uH8HmVru64iEhhEkGeMEExPaHs6c3NSZUJwmsME6sCAIIyTiAceYDI9gHKrPF_cVOAA:1uCTkX:3GaogKkzTkEdocytB3JAcvuX9q8gwULMyzUVVeCQcOA", "expire_date": "2025-05-21T01:39:05.628Z"}}, {"model": "sessions.session", "pk": "62sx2rrir4rmappaj9y5g4v807xk7see", "fields": {"session_data": ".eJxVjMEOwiAQRP-FsyGUbYnr0bvfQHZZkKqBpLQn479Lkx70NnnzZt7K07Zmv7W4-FnURQ3q9MuYwjOWvZAHlXvVoZZ1mVnvij7apm9V4ut6uH8HmVru64iEhhEkGeMEExPaHs6c3NSZUJwmsME6sCAIIyTiAceYDI9gHKrPF_cVOAA:1uJ5Hb:_SJopVhF9GodVsuGpMP7yGZySpNSy7yBP8XEAvU9m7k", "expire_date": "2025-06-08T06:56:31.203Z"}}, {"model": "sessions.session", "pk": "d46m8sp89ys6mrelwargwy8aolauhj20", "fields": {"session_data": ".eJxVjMEOwiAQRP-FsyGUbYnr0bvfQHZZkKqBpLQn479Lkx70NnnzZt7K07Zmv7W4-FnURQ3q9MuYwjOWvZAHlXvVoZZ1mVnvij7apm9V4ut6uH8HmVru64iEhhEkGeMEExPaHs6c3NSZUJwmsME6sCAIIyTiAceYDI9gHKrPF_cVOAA:1uJ5SJ:PSYvj4zQj-DaRvvd-u2eUmvJfCdStL_spSnM824OPNY", "expire_date": "2025-06-08T07:07:35.095Z"}}, {"model": "sessions.session", "pk": "gxsjwl7nha7tdyif7tiveb21839pjehg", "fields": {"session_data": ".eJxVjMEOwiAQRP-FsyGUbYnr0bvfQHZZkKqBpLQn479Lkx70NnnzZt7K07Zmv7W4-FnURQ3q9MuYwjOWvZAHlXvVoZZ1mVnvij7apm9V4ut6uH8HmVru64iEhhEkGeMEExPaHs6c3NSZUJwmsME6sCAIIyTiAceYDI9gHKrPF_cVOAA:1uJ5oa:zGKcTTRrKcWbgMM19kCbcyeSDevNhBXSpPzvZ8jt6Dc", "expire_date": "2025-06-08T07:30:36.306Z"}}, {"model": "sessions.session", "pk": "zro3z2wbuow6rqzuc5a6s53nzitxyotn", "fields": {"session_data": ".eJxVjMEOwiAQRP-FsyGUbYnr0bvfQHZZkKqBpLQn479Lkx70NnnzZt7K07Zmv7W4-FnURQ3q9MuYwjOWvZAHlXvVoZZ1mVnvij7apm9V4ut6uH8HmVru64iEhhEkGeMEExPaHs6c3NSZUJwmsME6sCAIIyTiAceYDI9gHKrPF_cVOAA:1u3Vp7:7kLe9ukXovifSoacsj0qr9WOsn7BxwNgVID9lOJlsZg", "expire_date": "2025-04-26T08:02:45.191Z"}}, {"model": "events.user", "fields": {"password": "pbkdf2_sha256$600000$V1OcmKAgJUBRtpAradlPGc$ozBElE6A7RfA/M0PsxHlGPDxG4VHyRGjU16ckcKPvnY=", "last_login": null, "is_superuser": false, "username": "shubham851", "first_name": "shubham", "last_name": "singh", "email": "shubham@gmail.com", "is_staff": false, "is_active": true, "date_joined": "2025-06-02T10:00:24.597Z", "phone": "9450944877", "profile_picture": "", "role": "client", "groups": [], "user_permissions": []}}, {"model": "events.user", "fields": {"password": "pbkdf2_sha256$600000$ub3UcfWvxv4K8X27HZCHhG$uFSE4a4jLyfkgswfYpiiQDUpnwNj/uW/G/LcKtIcQnY=", "last_login": "2025-06-22T09:27:47Z", "is_superuser": true, "username": "admin", "first_name": "", "last_name": "", "email": "admin@gmail.com", "is_staff": true, "is_active": true, "date_joined": "2025-06-22T09:27:26Z", "phone": null, "profile_picture": "", "role": "admin", "groups": [], "user_permissions": []}}, {"model": "events.content", "pk": 3, "fields": {"title": "swimming", "content_type": "gallery", "body": "swimming pool", "media_file": "uploads/swimming.avif", "publish_date": "2025-04-12T10:04:12Z"}}, {"model": "events.content", "pk": 4, "fields": {"title": "cottage", "content_type": "gallery", "body": "", "media_file": "uploads/castle.avif", "publish_date": "2025-04-12T10:09:11Z"}}, {"model": "events.content", "pk": 5, "fields": {"title": "Kashoul", "content_type": "gallery", "body": "", "media_file": "uploads/shreshth-gupta-XbS76mRgMig-unsplash.jpg", "publish_date": "2025-05-07T23:46:51Z"}}, {"model": "events.content", "pk": 6, "fields": {"title": "Himachal", "content_type": "gallery", "body": "Snow Line of Himachal", "media_file": "uploads/pexels-ozgomz-925263.jpg", "publish_date": "2025-06-22T09:29:08Z"}}, {"model": "events.content", "pk": 7, "fields": {"title": "Mount abu", "content_type": "gallery", "body": "Mountain Ranges That Can't be Explored...", "media_file": "uploads/pexels-sagui-andrea-200115-618833.jpg", "publish_date": "2025-06-22T18:30:45Z"}}, {"model": "events.content", "pk": 8, "fields": {"title": "Abu", "content_type": "gallery", "body": "Unbeaten Treks in the Nature.", "media_file": "uploads/pexels-pok-rie-33563-130576.jpg", "publish_date": "2025-06-22T18:32:19Z"}}, {"model": "events.content", "pk": 9, "fields": {"title": "We Got The Mark You Carry.", "content_type": "gallery", "body": "✒️ You seal it all with ink. A tiny tattoo that says everything you don’t need to explain anymore. A mark not just of the place — but of the person you became here.", "media_file": "uploads/pexels-imvitordiniz-29211912.jpg", "publish_date": "2025-06-22T19:37:17Z"}}, {"model": "events.content", "pk": 10, "fields": {"title": "Relaxing while Kayaking...", "content_type": "gallery", "body": "🚣 You end the day floating on a kayak under a bleeding sky. No phone. No noise. Just paddle strokes and a sun that takes its sweet time disappearing.", "media_file": "uploads/pexels-jake-pnw-1761282.jpg", "publish_date": "2025-06-22T19:38:19Z"}}, {"model": "events.content", "pk": 11, "fields": {"title": "Deep Dive into Your Thoughts.", "content_type": "gallery", "body": "🤿 You dive into the deep — literally. Scuba gear on, silence surrounds you. Somewhere between coral and current, a photographer captures your rebellion beneath the surface.", "media_file": "uploads/pexels-tomfisk-1312067.jpg", "publish_date": "2025-06-22T19:40:56Z"}}, {"model": "events.content", "pk": 12, "fields": {"title": "MotoRide To the Deepest Areas.", "content_type": "gallery", "body": "🏍️ Next mission: a custom Trail Bike and a road that barely qualifies as one. You tear through forest trails to hidden waterfalls, with wind in your hair and zero plans for tomorrow.", "media_file": "uploads/pexels-setengah-lima-sore-1061582751-31864239.jpg", "publish_date": "2025-06-22T19:42:00Z"}}, {"model": "events.content", "pk": 13, "fields": {"title": "Boom Shankar", "content_type": "gallery", "body": "Enjoy the Goan Trance with the Echoes of Earth.", "media_file": "uploads/boom.jpg", "publish_date": "2025-06-22T19:44:31Z"}}, {"model": "events.content", "pk": 14, "fields": {"title": "Boom Shankar", "content_type": "gallery", "body": "💃 Night falls. Goa comes alive. You're not at a party — you're in the rave. Lasers, sweat, bass lines that dissolve thought. You dance like you're trying to forget who you used to be.", "media_file": "uploads/Jungle-Stage.webp", "publish_date": "2025-06-22T19:49:30Z"}}, {"model": "events.content", "pk": 15, "fields": {"title": "Bornfires Killing Devils Inside You.", "content_type": "gallery", "body": "🔥 You wake up to the sound of crashing waves, the sun bleeding orange over the horizon. A hidden bonfire flickers on the beach, where strangers turn into stories and the night doesn't end until the stars surrender.", "media_file": "uploads/pexels-toulouse-3099106.jpg", "publish_date": "2025-06-22T19:50:23Z"}}, {"model": "events.content", "pk": 16, "fields": {"title": "A handcrafted sound journey by your private DJ on an exclusive estate", "content_type": "gallery", "body": "Lose yourself in the rhythm as your personal DJ spins tracks in a secluded heritage estate—where centuries-old walls echo modern beats. With nature as your audience and the lake as your dancefloor, this is music reimagined in luxury", "media_file": "uploads/Screenshot_2025-06-23_at_11.58.56PM.png", "publish_date": "2025-06-23T18:37:01Z"}}, {"model": "events.content", "pk": 17, "fields": {"title": "Poolside Grillin'", "content_type": "blog", "body": "A private poolside grill experience, with chef-curated recipes tailored just for you—fire up flavor under the stars.", "media_file": "uploads/ChatGPT_Image_Jun_24_2025_12_25_14_AM.png", "publish_date": "2025-06-23T18:42:57Z"}}, {"model": "events.content", "pk": 18, "fields": {"title": "A luxurious pause from the world’s commotion.", "content_type": "gallery", "body": "", "media_file": "uploads/castlerooms.avif", "publish_date": "2025-06-23T19:09:09Z"}}, {"model": "events.content", "pk": 19, "fields": {"title": "Castle stay", "content_type": "blog", "body": "✨ Elegant & Immersive Experience Write-up:\r\nNestled amidst stunning vistas, our café isn't just a place to sip — it's where stories begin. Whether you're indulging in a freshly brewed pour-over beside the pool or enjoying handcrafted pastries with castle views, every moment is steeped in serenity. With locally sourced ingredients and a thoughtfully curated ambiance, this is more than coffee — it's an experience crafted to slow you down, inspire connection, and elevate your escape.", "media_file": "uploads/castle.jpeg", "publish_date": "2025-06-23T19:11:13Z"}}, {"model": "events.content", "pk": 20, "fields": {"title": "Views you would enjoy", "content_type": "gallery", "body": "Breathtaking views that soothe the soul.", "media_file": "uploads/castle_view.jpeg", "publish_date": "2025-06-23T19:12:45Z"}}, {"model": "events.mood", "pk": 1, "fields": {"name": "Overwhelmed", "description": "Mood: Overwhelmed", "color_palette": null}}, {"model": "events.mood", "pk": 2, "fields": {"name": "Exhausted", "description": "Mood: Exhausted", "color_palette": null}}, {"model": "events.mood", "pk": 3, "fields": {"name": "Emotionally Drained", "description": "Mood: Emotionally Numb", "color_palette": null}}, {"model": "events.mood", "pk": 4, "fields": {"name": "Spiritually Disconnected", "description": "Mood: Spiritually Disconnected", "color_palette": null}}, {"model": "events.mood", "pk": 5, "fields": {"name": "Need peace", "description": "You’re seeking peace and gentle experiences.\r\nEscape the noise of daily life. Whether you're looking to unwind by a riverside cottage or take peaceful walks through quiet forest trails, our calm mood packages are designed to restore your inner balance and reconnect you with nature.\r\n\r\nTop Picks: Riverside stays, slow trekking routes, yoga retreats, mountain cafés\r\n\r\nBest for: Meditation, solo travel, scenic photography", "color_palette": null}}, {"model": "events.mood", "pk": 6, "fields": {"name": "Curious", "description": "Your mind is open, and your spirit is ready to wander. Embrace the unknown and discover hidden trails, new cultures, and local stories that inspire.", "color_palette": null}}, {"model": "events.mood", "pk": 7, "fields": {"name": "Emotionally drained", "description": "When words fail, the mountains speak. Let nature’s silence soothe your broken heart with its quiet strength and gentle comfort.", "color_palette": null}}, {"model": "events.mood", "pk": 8, "fields": {"name": "Need a break", "description": "No alarms. No stress. Just the sound of a river, soft blankets, and deep sleep under the stars. This is your time to recharge.", "color_palette": null}}, {"model": "events.mood", "pk": 9, "fields": {"name": "Feeling elated", "description": "You’re glowing, and it’s time to celebrate life! Surround yourself with beauty, laughter, and experiences that match your vibrant energy.", "color_palette": null}}, {"model": "events.mood", "pk": 10, "fields": {"name": "Lighthearted fun", "description": "Live in the moment. Dance by the campfire, try something silly, and let your inner child run wild. These trips are made for light hearts and wide smiles.", "color_palette": null}}, {"model": "events.mood", "pk": 11, "fields": {"name": "too much going on", "description": "", "color_palette": null}}, {"model": "events.healingintent", "pk": 1, "fields": {"name": "Solitude & Reflection", "description": "A deeply restorative experience designed for individuals who need space to disconnect, reflect, and renew their inner calm.", "recommended_duration": 5, "emoji": "🌲"}}, {"model": "events.healingintent", "pk": 2, "fields": {"name": "Healing Intents", "description": "This journey isn’t about sightseeing. It’s about soul-seeing.\r\n\r\nEvery element of this experience is crafted with one single intent: to heal what the noise has numbed.\r\nYou don’t need more to-do lists.\r\nYou need a pause. A space where your nervous system finally lets go.\r\n\r\nHere’s what we intend to give you:\r\n\r\nPeace over pressure – No forced plans. Just presence.\r\n\r\nSilence that speaks – Nature becomes your therapist.\r\n\r\nStillness with purpose – Time designed to slow you down and bring you back home — to yourself.\r\n\r\nUnseen, yet held – You won’t be overwhelmed. But you will be supported, invisibly and intentionally.\r\n\r\nThis is not a vacation.\r\nIt’s a return to you.", "recommended_duration": 3, "emoji": ""}}, {"model": "events.healingactivity", "pk": 1, "fields": {"title": "Guided Forest Meditation", "description": "A deep listening exercise amidst nature, guided by a local mindfulness practitioner.", "activity_type": "meditation", "intent": 1}}, {"model": "events.healingactivity", "pk": 2, "fields": {"title": "Silent Journaling by the Stream", "description": "Write without filters. Let your thoughts flow as water does.", "activity_type": "journaling", "intent": 1}}, {"model": "events.healingactivity", "pk": 3, "fields": {"title": "Sound Healing at Sunset", "description": "Immerse yourself in Tibetan singing bowls and ancient healing frequencies.", "activity_type": "sound_therapy", "intent": 1}}, {"model": "events.eventpackage", "pk": 1, "fields": {"title": "Rajasthan Retreat", "description": "About this place\r\n\r\nCastle Oodeypore is a palatial homestay, offering a unique experience. It is a home that hosts beautiful people and connects families, friends, and travelers alike, a castle that reminds you of the bygone era, a place for our guests to revel in the timeless beauty of nature.\r\n\r\nBuilt-in the year 2021 Castle Oodeypore is an architectural marvel amidst the foothills of the Aravallis, made from the red sandstone of Bikaner, making it the only red sandstone property in Udaipur.", "price": "30000.00", "services": [{"name": "Drinks", "description": "Premium cocktail and mocktail bar with professional bartenders."}, {"name": "Food", "description": "Multi-cuisine gourmet catering with live food counters and dessert bar."}, {"name": "DJ", "description": "Professional DJ setup with lighting, sound system, and 4-hour playlist."}], "is_active": true, "images": [4, 16, 17, 18, 19, 20], "moods": [1, 5, 8, 9, 10, 11], "healing_intents": [1]}}, {"model": "events.eventpackage", "pk": 2, "fields": {"title": "Hills Cottage - Private Pool Villa", "description": "About this space\r\nCome stay to experience a home , away from home with a breathtaking view surrounded by hills on all sides. The cottage comes with wooden rooms and beautiful garden accompanied with an outdoor waterfall swimming pool. Hope you enjoy your stay with us!\r\nThe space\r\nDiscover an abode encircled by hills on all sides. Feel the soft caress of nature while looking out over a stupendous view.\r\nAn experience that you will not soon forget with complete privacy, secured by compound walls on all sides covered with barbed wire fencing.", "price": "40000.00", "services": [{"name": "Drinks", "description": "Premium cocktail and mocktail bar with professional bartenders."}, {"name": "Food", "description": "Multi-cuisine gourmet catering with live food counters and dessert bar."}, {"name": "DJ", "description": "Professional DJ setup with lighting, sound system, and 4-hour playlist."}], "is_active": true, "images": [3, 4], "moods": [], "healing_intents": []}}, {"model": "events.eventpackage", "pk": 3, "fields": {"title": "Kashoul Silent Nature Retreat", "description": "An immersive 5-day retreat in the Himalayas where you reconnect with yourself through silence, stillness, and nature.", "price": "32000.00", "services": {"location": "Dharamshala, Himachal Pradesh", "stay": "Eco-friendly cabins in secluded forest", "food": "Ayurvedic sattvic meals, herbal teas", "activities": ["guided forest meditation", "silent journaling", "sound healing", "digital detox"], "wellness": "Evening herbal bath & chakra cleansing", "customizations": ["private therapist call", "1-on-1 mindfulness session", "detox box"]}, "is_active": true, "images": [5], "moods": [1, 2, 3, 4], "healing_intents": [1]}}, {"model": "events.eventpackage", "pk": 4, "fields": {"title": "The Great Escape", "description": "For the souls carrying too much, this journey isn't just a trip — it's a reset. Far from the chaos, into a space where your mind slows, and your heart exhales. No schedules. No pressure. Just peace, nature, and the luxury of doing nothing — intentionally.\r\n\r\nThis is where your overwhelm fades, and your clarity returns.", "price": "400000.00", "services": {"healing_services": [{"title": "Digital Detox", "description": "Disconnect from screens and reconnect with self. Experience 2–3 days of intentional silence, slow mornings, mindful walks, and zero digital noise.", "recommended_places": ["Spiti Valley, India", "Ubud, Bali", "Ladakh, India"], "image_url": "https://example.com/images/digital-detox.jpg"}, {"title": "Nature Immersion Therapy", "description": "Guided walks, forest bathing, and quiet time in untouched nature. Let the wilderness reset your nervous system and bring your mind to stillness.", "recommended_places": ["Rishikesh Foothills", "Western Ghats, Kerala", "Bhutan Forest Trails"], "image_url": "https://example.com/images/nature-immersion.jpg"}, {"title": "Rest Rituals", "description": "Designed to restore your energy with cozy private stays, white noise ambiance, calming lights, herbal teas, and curated slow-living playlists.", "recommended_places": ["Meghalaya Hill Stays", "Tirthan Valley, Himachal", "Pelling, Sikkim"], "image_url": "https://example.com/images/rest-rituals.jpg"}, {"title": "Personal Healing Sessions", "description": "Optional sessions like massage therapy, sound healing, or guided breathwork with experienced local healers — all held in safe, soothing environments.", "recommended_places": ["Auroville, Tamil Nadu", "Pushkar Retreats", "Dharamkot, Himachal"], "image_url": "https://example.com/images/healing-sessions.jpg"}, {"title": "Slow Food Experiences", "description": "Enjoy nourishing, slow-cooked meals prepared with intention. Local ingredients, mindful preparation, and the kind of food that fuels calm.", "recommended_places": ["Kumaon Village Homes", "Coorg Plantation Stays", "Sikkim Organic Cafes"], "image_url": "https://example.com/images/slow-food.jpg"}]}, "is_active": true, "images": [5, 7, 8], "moods": [5, 7, 8], "healing_intents": [1, 2]}}, {"model": "events.eventpackage", "pk": 5, "fields": {"title": "Malang Escape – A Journey of Madness, Love & Liberation", "description": "This package is crafted for those who are seeking thrill and transformation — just like Advait & Sara in Malang. It captures the freedom of letting go, the rush of adrenaline, and the healing through chaos.", "price": "138000.00", "services": [{"name": "Liberation", "description": "Break away from the noise of everyday life and rediscover your wild, untamed self in nature’s embrace."}, {"name": "Healing", "description": "Let stillness, solitude, and sacred rituals guide you into deep emotional reset and clarity."}, {"name": "Adventure", "description": "Feel the rush of adrenaline through curated experiences like diving, motorbiking, and night raves."}, {"name": "Transformation", "description": "Leave behind old stories and return home not just with memories, but as a different version of yourself."}, {"name": "Connection", "description": "Forge meaningful bonds with strangers-turned-soulmates through bonfires, shared silence, and story-swapping."}], "is_active": true, "images": [9, 10, 11, 12, 13, 14, 15], "moods": [3, 4, 6, 8, 9], "healing_intents": [1]}}, {"model": "events.booking", "pk": 1, "fields": {"inquiry": null, "package": 2, "start_date": "2025-05-13", "end_date": "2025-05-15", "first_name": "Shubham", "last_name": "singh", "gender": "male", "country": "India", "date_of_birth": "2000-02-01", "address": "rajkot", "name": "Shubham singh", "email": "shubham@gmail.com", "phone": "9450944877", "status": "scheduled", "created_at": "2025-05-14T17:08:34.256Z", "updated_at": "2025-05-14T17:08:34.256Z"}}, {"model": "events.booking", "pk": 2, "fields": {"inquiry": null, "package": 2, "start_date": "2025-05-24", "end_date": "2025-05-24", "first_name": "Shubham", "last_name": "singh", "gender": "male", "country": "India", "date_of_birth": "1021-02-09", "address": "", "name": "Shubham singh", "email": "shubham@gmail.com", "phone": "4567891212", "status": "scheduled", "created_at": "2025-05-24T13:43:17.609Z", "updated_at": "2025-05-24T13:43:17.609Z"}}, {"model": "authtoken.token", "pk": "8ebb578d9d7d4a7777cf181e4d3c0ebf30e96ab2", "fields": {"user": ["shubham851"], "created": "2025-06-02T10:00:24.803Z"}}, {"model": "admin.logentry", "pk": 39, "fields": {"action_time": "2025-06-22T09:28:38.790Z", "user": ["admin"], "content_type": ["events", "user"], "object_id": "13", "object_repr": "admin (admin)", "action_flag": 2, "change_message": "[{\"changed\": {\"fields\": [\"Role\"]}}]"}}, {"model": "admin.logentry", "pk": 40, "fields": {"action_time": "2025-06-22T09:30:24.012Z", "user": ["admin"], "content_type": ["events", "content"], "object_id": "6", "object_repr": "Himachal (gallery)", "action_flag": 1, "change_message": "[{\"added\": {}}]"}}, {"model": "admin.logentry", "pk": 41, "fields": {"action_time": "2025-06-22T16:38:58.138Z", "user": ["admin"], "content_type": ["events", "eventpackage"], "object_id": "4", "object_repr": "The Great Escape", "action_flag": 2, "change_message": "[{\"changed\": {\"fields\": [\"Price\", \"Images\"]}}]"}}, {"model": "admin.logentry", "pk": 42, "fields": {"action_time": "2025-06-22T18:25:43.957Z", "user": ["admin"], "content_type": ["events", "eventpackage"], "object_id": "4", "object_repr": "The Great Escape", "action_flag": 2, "change_message": "[{\"changed\": {\"fields\": [\"Moods\"]}}]"}}, {"model": "admin.logentry", "pk": 43, "fields": {"action_time": "2025-06-22T18:31:30.621Z", "user": ["admin"], "content_type": ["events", "content"], "object_id": "7", "object_repr": "Mount abu (gallery)", "action_flag": 1, "change_message": "[{\"added\": {}}]"}}, {"model": "admin.logentry", "pk": 44, "fields": {"action_time": "2025-06-22T18:32:51.691Z", "user": ["admin"], "content_type": ["events", "content"], "object_id": "8", "object_repr": "Abu (gallery)", "action_flag": 1, "change_message": "[{\"added\": {}}]"}}, {"model": "admin.logentry", "pk": 45, "fields": {"action_time": "2025-06-22T18:32:55.408Z", "user": ["admin"], "content_type": ["events", "eventpackage"], "object_id": "4", "object_repr": "The Great Escape", "action_flag": 2, "change_message": "[{\"changed\": {\"fields\": [\"Images\"]}}]"}}, {"model": "admin.logentry", "pk": 46, "fields": {"action_time": "2025-06-22T19:38:08.004Z", "user": ["admin"], "content_type": ["events", "content"], "object_id": "9", "object_repr": "We Got The Mark You Carry. (gallery)", "action_flag": 1, "change_message": "[{\"added\": {}}]"}}, {"model": "admin.logentry", "pk": 47, "fields": {"action_time": "2025-06-22T19:39:03.371Z", "user": ["admin"], "content_type": ["events", "content"], "object_id": "10", "object_repr": "Relaxing while Kayaking... (gallery)", "action_flag": 1, "change_message": "[{\"added\": {}}]"}}, {"model": "admin.logentry", "pk": 48, "fields": {"action_time": "2025-06-22T19:41:29.435Z", "user": ["admin"], "content_type": ["events", "content"], "object_id": "11", "object_repr": "Deep Dive into Your Thoughts. (gallery)", "action_flag": 1, "change_message": "[{\"added\": {}}]"}}, {"model": "admin.logentry", "pk": 49, "fields": {"action_time": "2025-06-22T19:44:29.445Z", "user": ["admin"], "content_type": ["events", "content"], "object_id": "12", "object_repr": "MotoRide To the Deepest Areas. (gallery)", "action_flag": 1, "change_message": "[{\"added\": {}}]"}}, {"model": "admin.logentry", "pk": 50, "fields": {"action_time": "2025-06-22T19:46:24.162Z", "user": ["admin"], "content_type": ["events", "content"], "object_id": "13", "object_repr": "Boom Shankar (gallery)", "action_flag": 1, "change_message": "[{\"added\": {}}]"}}, {"model": "admin.logentry", "pk": 51, "fields": {"action_time": "2025-06-22T19:50:01.274Z", "user": ["admin"], "content_type": ["events", "content"], "object_id": "14", "object_repr": "Boom Shankar (gallery)", "action_flag": 1, "change_message": "[{\"added\": {}}]"}}, {"model": "admin.logentry", "pk": 52, "fields": {"action_time": "2025-06-22T19:51:53.015Z", "user": ["admin"], "content_type": ["events", "content"], "object_id": "15", "object_repr": "Bornfires Killing Devils Inside You. (gallery)", "action_flag": 1, "change_message": "[{\"added\": {}}]"}}, {"model": "admin.logentry", "pk": 53, "fields": {"action_time": "2025-06-22T19:54:28.344Z", "user": ["admin"], "content_type": ["events", "eventpackage"], "object_id": "5", "object_repr": "Malang Escape – A Journey of Madness, Love & Liberation", "action_flag": 1, "change_message": "[{\"added\": {}}]"}}, {"model": "admin.logentry", "pk": 54, "fields": {"action_time": "2025-06-23T18:37:46.811Z", "user": ["admin"], "content_type": ["events", "content"], "object_id": "16", "object_repr": "A handcrafted sound journey by your private DJ on an exclusive estate (gallery)", "action_flag": 1, "change_message": "[{\"added\": {}}]"}}, {"model": "admin.logentry", "pk": 55, "fields": {"action_time": "2025-06-23T18:55:51.642Z", "user": ["admin"], "content_type": ["events", "content"], "object_id": "17", "object_repr": "Poolside Grillin' (blog)", "action_flag": 1, "change_message": "[{\"added\": {}}]"}}, {"model": "admin.logentry", "pk": 56, "fields": {"action_time": "2025-06-23T19:10:26.536Z", "user": ["admin"], "content_type": ["events", "content"], "object_id": "18", "object_repr": "A luxurious pause from the world’s commotion. (gallery)", "action_flag": 1, "change_message": "[{\"added\": {}}]"}}, {"model": "admin.logentry", "pk": 57, "fields": {"action_time": "2025-06-23T19:11:04.608Z", "user": ["admin"], "content_type": ["events", "mood"], "object_id": "11", "object_repr": "too much going on", "action_flag": 1, "change_message": "[{\"added\": {}}]"}}, {"model": "admin.logentry", "pk": 58, "fields": {"action_time": "2025-06-23T19:12:33.431Z", "user": ["admin"], "content_type": ["events", "content"], "object_id": "19", "object_repr": "Castle stay (blog)", "action_flag": 1, "change_message": "[{\"added\": {}}]"}}, {"model": "admin.logentry", "pk": 59, "fields": {"action_time": "2025-06-23T19:13:39.649Z", "user": ["admin"], "content_type": ["events", "content"], "object_id": "20", "object_repr": "Views you would enjoy (gallery)", "action_flag": 1, "change_message": "[{\"added\": {}}]"}}, {"model": "admin.logentry", "pk": 60, "fields": {"action_time": "2025-06-23T19:13:47.355Z", "user": ["admin"], "content_type": ["events", "eventpackage"], "object_id": "1", "object_repr": "Rajasthan Retreat", "action_flag": 2, "change_message": "[{\"changed\": {\"fields\": [\"Images\", \"Moods\", \"Healing intents\"]}}]"}}]